Timestamp,Emotion,Response
2025-09-27 15:46:43,neutral,All systems look stable. Stay focused 👍
2025-09-27 15:46:48,neutral,All systems look stable. Stay focused 👍
2025-09-27 15:46:48,neutral,All systems look stable. Stay focused 👍
2025-09-27 15:46:49,neutral,All systems look stable. Stay focused 👍
2025-09-27 15:46:49,neutral,All systems look stable. Stay focused 👍
2025-09-27 15:46:49,neutral,All systems look stable. Stay focused 👍
2025-09-27 15:46:49,neutral,All systems look stable. Stay focused 👍
2025-09-27 15:46:50,neutral,All systems look stable. Stay focused 👍
2025-09-27 15:46:50,neutral,All systems look stable. Stay focused 👍
2025-09-27 15:46:50,neutral,All systems look stable. Stay focused 👍
2025-09-27 15:46:50,neutral,All systems look stable. Stay focused 👍
2025-09-27 15:46:51,neutral,All systems look stable. Stay focused 👍
2025-09-27 15:46:51,neutral,All systems look stable. Stay focused 👍
2025-09-27 15:46:51,neutral,All systems look stable. Stay focused 👍
2025-09-27 15:46:51,neutral,All systems look stable. Stay focused 👍
2025-09-27 15:46:52,neutral,All systems look stable. Stay focused 👍
2025-09-27 15:46:52,neutral,All systems look stable. Stay focused 👍
2025-09-27 15:46:52,neutral,All systems look stable. Stay focused 👍
2025-09-27 15:46:52,neutral,All systems look stable. Stay focused 👍
2025-09-27 15:46:53,neutral,All systems look stable. Stay focused 👍
2025-09-27 15:46:53,neutral,All systems look stable. Stay focused 👍
2025-09-27 15:46:53,neutral,All systems look stable. Stay focused 👍
2025-09-27 15:46:53,neutral,All systems look stable. Stay focused 👍
2025-09-27 15:46:53,happy,You seem in good spirits! Keep it up 🚀
2025-09-27 15:46:54,happy,You seem in good spirits! Keep it up 🚀
2025-09-27 15:46:54,happy,You seem in good spirits! Keep it up 🚀
2025-09-27 15:46:54,neutral,All systems look stable. Stay focused 👍
2025-09-27 15:46:54,happy,You seem in good spirits! Keep it up 🚀
2025-09-27 15:46:54,happy,You seem in good spirits! Keep it up 🚀
2025-09-27 15:46:55,happy,You seem in good spirits! Keep it up 🚀
2025-09-27 15:46:55,happy,You seem in good spirits! Keep it up 🚀
2025-09-27 15:46:55,angry,I notice stress. Stretch your arms and take a short break.
2025-09-27 15:46:55,happy,You seem in good spirits! Keep it up 🚀
2025-09-27 15:46:56,happy,You seem in good spirits! Keep it up 🚀
2025-09-27 15:46:56,angry,I notice stress. Stretch your arms and take a short break.
2025-09-27 15:46:56,happy,You seem in good spirits! Keep it up 🚀
2025-09-27 15:46:56,neutral,All systems look stable. Stay focused 👍
2025-09-27 15:46:56,angry,I notice stress. Stretch your arms and take a short break.
2025-09-27 15:46:57,fear,"You sound worried. Remember, support is available."
2025-09-27 15:46:57,angry,I notice stress. Stretch your arms and take a short break.
2025-09-27 15:46:57,angry,I notice stress. Stretch your arms and take a short break.
2025-09-27 15:46:57,angry,I notice stress. Stretch your arms and take a short break.
2025-09-27 15:46:58,angry,I notice stress. Stretch your arms and take a short break.
2025-09-27 15:46:58,angry,I notice stress. Stretch your arms and take a short break.
2025-09-27 15:46:58,fear,"You sound worried. Remember, support is available."
2025-09-27 15:46:58,fear,"You sound worried. Remember, support is available."
2025-09-27 15:46:59,fear,"You sound worried. Remember, support is available."
2025-09-27 15:46:59,fear,"You sound worried. Remember, support is available."
2025-09-27 15:46:59,fear,"You sound worried. Remember, support is available."
2025-09-27 15:46:59,angry,I notice stress. Stretch your arms and take a short break.
2025-09-27 15:46:59,fear,"You sound worried. Remember, support is available."
2025-09-27 15:47:00,fear,"You sound worried. Remember, support is available."
2025-09-27 15:47:00,fear,"You sound worried. Remember, support is available."
2025-09-27 15:47:00,fear,"You sound worried. Remember, support is available."
2025-09-27 15:47:00,fear,"You sound worried. Remember, support is available."
2025-09-27 15:47:01,fear,"You sound worried. Remember, support is available."
2025-09-27 15:47:01,angry,I notice stress. Stretch your arms and take a short break.
2025-09-27 15:47:01,neutral,All systems look stable. Stay focused 👍
2025-09-27 15:47:01,neutral,All systems look stable. Stay focused 👍
2025-09-27 15:47:01,neutral,All systems look stable. Stay focused 👍
2025-09-27 15:47:02,neutral,All systems look stable. Stay focused 👍
2025-09-27 15:47:02,neutral,All systems look stable. Stay focused 👍
2025-09-27 15:47:02,neutral,All systems look stable. Stay focused 👍
2025-09-27 15:47:02,angry,I notice stress. Stretch your arms and take a short break.
2025-09-27 15:47:03,angry,I notice stress. Stretch your arms and take a short break.
2025-09-27 15:47:03,sad,I sense you’re feeling low. Let’s try a short breathing exercise.
2025-09-27 15:47:03,neutral,All systems look stable. Stay focused 👍
2025-09-27 15:47:03,neutral,All systems look stable. Stay focused 👍
2025-09-27 15:47:03,neutral,All systems look stable. Stay focused 👍
2025-09-27 15:47:04,sad,I sense you’re feeling low. Let’s try a short breathing exercise.
2025-09-27 15:47:04,neutral,All systems look stable. Stay focused 👍
2025-09-27 15:47:04,neutral,All systems look stable. Stay focused 👍
2025-09-27 15:47:04,neutral,All systems look stable. Stay focused 👍
2025-09-27 15:47:04,sad,I sense you’re feeling low. Let’s try a short breathing exercise.
2025-09-27 15:47:05,neutral,All systems look stable. Stay focused 👍
2025-09-27 15:47:05,neutral,All systems look stable. Stay focused 👍
2025-09-27 15:47:05,neutral,All systems look stable. Stay focused 👍
2025-09-27 15:47:05,sad,I sense you’re feeling low. Let’s try a short breathing exercise.
2025-09-27 15:47:06,neutral,All systems look stable. Stay focused 👍
2025-09-27 15:47:06,neutral,All systems look stable. Stay focused 👍
2025-09-27 15:47:06,neutral,All systems look stable. Stay focused 👍
2025-09-27 15:47:06,neutral,All systems look stable. Stay focused 👍
2025-09-27 15:47:06,neutral,All systems look stable. Stay focused 👍
2025-09-27 15:47:07,neutral,All systems look stable. Stay focused 👍
2025-09-27 15:47:07,neutral,All systems look stable. Stay focused 👍
2025-09-27 15:47:07,neutral,All systems look stable. Stay focused 👍
2025-09-27 15:47:07,neutral,All systems look stable. Stay focused 👍
2025-09-27 15:47:07,neutral,All systems look stable. Stay focused 👍
2025-09-27 15:47:08,neutral,All systems look stable. Stay focused 👍
2025-09-27 15:47:08,neutral,All systems look stable. Stay focused 👍
2025-09-27 15:47:08,neutral,All systems look stable. Stay focused 👍
2025-09-27 15:47:08,neutral,All systems look stable. Stay focused 👍
2025-09-27 15:47:08,neutral,All systems look stable. Stay focused 👍
2025-09-27 15:47:09,neutral,All systems look stable. Stay focused 👍
2025-09-27 15:47:09,neutral,All systems look stable. Stay focused 👍
2025-09-27 15:47:09,neutral,All systems look stable. Stay focused 👍
2025-09-27 15:47:09,neutral,All systems look stable. Stay focused 👍
2025-09-27 15:47:10,neutral,All systems look stable. Stay focused 👍
2025-09-27 15:47:10,neutral,All systems look stable. Stay focused 👍
2025-09-27 15:47:10,neutral,All systems look stable. Stay focused 👍
2025-09-27 15:47:10,neutral,All systems look stable. Stay focused 👍
2025-09-27 15:47:10,neutral,All systems look stable. Stay focused 👍
2025-09-27 15:47:11,neutral,All systems look stable. Stay focused 👍
2025-09-27 15:47:11,neutral,All systems look stable. Stay focused 👍
2025-09-27 15:47:11,neutral,All systems look stable. Stay focused 👍
2025-09-27 15:47:11,neutral,All systems look stable. Stay focused 👍
2025-09-27 15:47:12,neutral,All systems look stable. Stay focused 👍
2025-09-27 15:47:12,happy,You seem in good spirits! Keep it up 🚀
2025-09-27 15:47:12,neutral,All systems look stable. Stay focused 👍
2025-09-27 15:47:12,angry,I notice stress. Stretch your arms and take a short break.
2025-09-27 15:47:12,neutral,All systems look stable. Stay focused 👍
2025-09-27 15:47:13,neutral,All systems look stable. Stay focused 👍
2025-09-27 15:47:13,neutral,All systems look stable. Stay focused 👍
2025-09-27 15:47:13,neutral,All systems look stable. Stay focused 👍
2025-09-27 15:47:13,happy,You seem in good spirits! Keep it up 🚀
2025-09-27 15:47:14,neutral,All systems look stable. Stay focused 👍
2025-09-27 15:47:14,neutral,All systems look stable. Stay focused 👍
2025-09-27 15:47:14,neutral,All systems look stable. Stay focused 👍
2025-09-27 15:47:14,neutral,All systems look stable. Stay focused 👍
2025-09-27 15:47:14,neutral,All systems look stable. Stay focused 👍
2025-09-27 15:47:15,neutral,All systems look stable. Stay focused 👍
2025-09-27 15:47:15,neutral,All systems look stable. Stay focused 👍
2025-09-27 15:47:15,happy,You seem in good spirits! Keep it up 🚀
2025-09-27 15:47:15,happy,You seem in good spirits! Keep it up 🚀
2025-09-27 15:47:16,happy,You seem in good spirits! Keep it up 🚀
2025-09-27 15:47:16,happy,You seem in good spirits! Keep it up 🚀
2025-09-27 15:47:16,happy,You seem in good spirits! Keep it up 🚀
2025-09-27 15:47:16,neutral,All systems look stable. Stay focused 👍
2025-09-27 15:47:16,happy,You seem in good spirits! Keep it up 🚀
2025-09-27 15:47:17,happy,You seem in good spirits! Keep it up 🚀
2025-09-27 15:47:17,happy,You seem in good spirits! Keep it up 🚀
2025-09-27 15:47:17,happy,You seem in good spirits! Keep it up 🚀
2025-09-27 15:47:17,happy,You seem in good spirits! Keep it up 🚀
2025-09-27 15:47:17,happy,You seem in good spirits! Keep it up 🚀
2025-09-27 15:47:18,happy,You seem in good spirits! Keep it up 🚀
2025-09-27 15:47:18,happy,You seem in good spirits! Keep it up 🚀
2025-09-27 15:47:18,neutral,All systems look stable. Stay focused 👍
2025-09-27 15:47:18,neutral,All systems look stable. Stay focused 👍
2025-09-27 15:47:19,neutral,All systems look stable. Stay focused 👍
2025-09-27 15:47:19,neutral,All systems look stable. Stay focused 👍
2025-09-27 15:47:19,neutral,All systems look stable. Stay focused 👍
2025-09-27 15:47:19,neutral,All systems look stable. Stay focused 👍
2025-09-27 15:47:19,neutral,All systems look stable. Stay focused 👍
2025-09-27 15:47:20,neutral,All systems look stable. Stay focused 👍
2025-09-27 15:47:20,neutral,All systems look stable. Stay focused 👍
2025-09-27 15:47:20,neutral,All systems look stable. Stay focused 👍
2025-09-27 15:47:20,neutral,All systems look stable. Stay focused 👍
2025-09-27 15:47:21,neutral,All systems look stable. Stay focused 👍
2025-09-27 15:47:21,neutral,All systems look stable. Stay focused 👍
2025-09-27 15:47:21,neutral,All systems look stable. Stay focused 👍
2025-09-27 15:47:21,neutral,All systems look stable. Stay focused 👍
2025-09-27 15:47:21,neutral,All systems look stable. Stay focused 👍
2025-09-27 15:47:22,neutral,All systems look stable. Stay focused 👍
2025-09-27 15:47:22,neutral,All systems look stable. Stay focused 👍
2025-09-27 15:47:22,neutral,All systems look stable. Stay focused 👍
2025-09-27 15:47:22,neutral,All systems look stable. Stay focused 👍
2025-09-27 15:47:23,neutral,All systems look stable. Stay focused 👍
2025-09-27 15:47:23,neutral,All systems look stable. Stay focused 👍
2025-09-27 15:47:23,neutral,All systems look stable. Stay focused 👍
2025-09-27 15:47:23,neutral,All systems look stable. Stay focused 👍
2025-09-27 15:47:23,neutral,All systems look stable. Stay focused 👍
2025-09-27 15:47:24,neutral,All systems look stable. Stay focused 👍
2025-09-27 15:47:24,neutral,All systems look stable. Stay focused 👍
2025-09-27 15:47:24,neutral,All systems look stable. Stay focused 👍
2025-09-27 15:47:24,neutral,All systems look stable. Stay focused 👍
2025-09-27 15:47:24,neutral,All systems look stable. Stay focused 👍
2025-09-27 15:47:25,neutral,All systems look stable. Stay focused 👍
2025-09-27 15:47:25,neutral,All systems look stable. Stay focused 👍
2025-09-27 15:47:25,neutral,All systems look stable. Stay focused 👍
2025-09-27 15:47:25,neutral,All systems look stable. Stay focused 👍
2025-09-27 15:47:26,neutral,All systems look stable. Stay focused 👍
2025-09-27 15:47:26,neutral,All systems look stable. Stay focused 👍
2025-09-27 15:47:26,neutral,All systems look stable. Stay focused 👍
2025-09-27 15:47:26,neutral,All systems look stable. Stay focused 👍
2025-09-27 15:47:26,neutral,All systems look stable. Stay focused 👍
2025-09-27 15:47:27,neutral,All systems look stable. Stay focused 👍
2025-09-27 15:47:27,neutral,All systems look stable. Stay focused 👍
2025-09-27 15:47:27,neutral,All systems look stable. Stay focused 👍
2025-09-27 15:47:27,neutral,All systems look stable. Stay focused 👍
2025-09-27 15:47:27,neutral,All systems look stable. Stay focused 👍
2025-09-27 15:47:28,neutral,All systems look stable. Stay focused 👍
2025-09-27 15:47:28,neutral,All systems look stable. Stay focused 👍
2025-09-27 15:47:28,neutral,All systems look stable. Stay focused 👍
2025-09-27 15:47:28,neutral,All systems look stable. Stay focused 👍
2025-09-27 15:47:29,neutral,All systems look stable. Stay focused 👍
2025-09-27 15:47:29,neutral,All systems look stable. Stay focused 👍
2025-09-27 15:47:29,neutral,All systems look stable. Stay focused 👍
2025-09-27 15:47:29,neutral,All systems look stable. Stay focused 👍
2025-09-27 15:47:29,neutral,All systems look stable. Stay focused 👍
2025-09-27 15:47:30,neutral,All systems look stable. Stay focused 👍
2025-09-27 15:47:30,neutral,All systems look stable. Stay focused 👍
2025-09-27 15:47:30,neutral,All systems look stable. Stay focused 👍
2025-09-27 15:47:30,neutral,All systems look stable. Stay focused 👍
2025-09-27 15:47:31,neutral,All systems look stable. Stay focused 👍
2025-09-27 15:47:31,neutral,All systems look stable. Stay focused 👍
2025-09-27 15:47:31,neutral,All systems look stable. Stay focused 👍
2025-09-27 15:47:31,neutral,All systems look stable. Stay focused 👍
2025-09-27 15:47:31,neutral,All systems look stable. Stay focused 👍
2025-09-27 15:47:32,neutral,All systems look stable. Stay focused 👍
2025-09-27 15:47:32,neutral,All systems look stable. Stay focused 👍
2025-09-27 15:47:32,neutral,All systems look stable. Stay focused 👍
2025-09-27 15:47:32,neutral,All systems look stable. Stay focused 👍
2025-09-27 15:47:32,neutral,All systems look stable. Stay focused 👍
2025-09-27 15:47:33,neutral,All systems look stable. Stay focused 👍
2025-09-27 15:47:33,neutral,All systems look stable. Stay focused 👍
2025-09-27 15:47:33,neutral,All systems look stable. Stay focused 👍
2025-09-27 15:47:33,neutral,All systems look stable. Stay focused 👍
2025-09-27 15:47:34,neutral,All systems look stable. Stay focused 👍
2025-09-27 15:47:34,angry,I notice stress. Stretch your arms and take a short break.
2025-09-27 15:47:34,surprise,That caught you off guard! Everything okay?
2025-09-27 15:47:34,surprise,That caught you off guard! Everything okay?
2025-09-27 15:47:34,surprise,That caught you off guard! Everything okay?
2025-09-27 15:47:35,surprise,That caught you off guard! Everything okay?
2025-09-27 15:47:35,angry,I notice stress. Stretch your arms and take a short break.
2025-09-27 15:47:35,surprise,That caught you off guard! Everything okay?
2025-09-27 15:47:35,angry,I notice stress. Stretch your arms and take a short break.
2025-09-27 15:47:35,surprise,That caught you off guard! Everything okay?
2025-09-27 15:47:36,surprise,That caught you off guard! Everything okay?
2025-09-27 15:47:36,angry,I notice stress. Stretch your arms and take a short break.
2025-09-27 15:47:36,surprise,That caught you off guard! Everything okay?
2025-09-27 15:47:36,angry,I notice stress. Stretch your arms and take a short break.
2025-09-27 15:47:37,surprise,That caught you off guard! Everything okay?
2025-09-27 15:47:37,angry,I notice stress. Stretch your arms and take a short break.
2025-09-27 15:47:37,neutral,All systems look stable. Stay focused 👍
2025-09-27 15:47:37,surprise,That caught you off guard! Everything okay?
2025-09-27 15:47:37,neutral,All systems look stable. Stay focused 👍
2025-09-27 15:47:38,neutral,All systems look stable. Stay focused 👍
2025-09-27 15:47:38,angry,I notice stress. Stretch your arms and take a short break.
2025-09-27 15:47:38,neutral,All systems look stable. Stay focused 👍
2025-09-27 15:47:38,neutral,All systems look stable. Stay focused 👍
2025-09-27 15:47:39,neutral,All systems look stable. Stay focused 👍
2025-09-27 15:47:39,angry,I notice stress. Stretch your arms and take a short break.
2025-09-27 15:47:39,angry,I notice stress. Stretch your arms and take a short break.
2025-09-27 15:47:39,neutral,All systems look stable. Stay focused 👍
2025-09-27 15:47:39,angry,I notice stress. Stretch your arms and take a short break.
2025-09-27 15:47:40,neutral,All systems look stable. Stay focused 👍
2025-09-27 15:47:40,sad,I sense you’re feeling low. Let’s try a short breathing exercise.
2025-09-27 15:47:40,fear,"You sound worried. Remember, support is available."
2025-09-27 15:47:40,angry,I notice stress. Stretch your arms and take a short break.
2025-09-27 15:47:40,angry,I notice stress. Stretch your arms and take a short break.
2025-09-27 15:47:41,angry,I notice stress. Stretch your arms and take a short break.
2025-09-27 15:47:41,angry,I notice stress. Stretch your arms and take a short break.
2025-09-27 15:47:41,angry,I notice stress. Stretch your arms and take a short break.
2025-09-27 15:47:41,angry,I notice stress. Stretch your arms and take a short break.
2025-09-27 15:47:42,angry,I notice stress. Stretch your arms and take a short break.
2025-09-27 15:47:42,angry,I notice stress. Stretch your arms and take a short break.
2025-09-27 15:47:42,angry,I notice stress. Stretch your arms and take a short break.
2025-09-27 15:47:42,angry,I notice stress. Stretch your arms and take a short break.
2025-09-27 15:47:42,sad,I sense you’re feeling low. Let’s try a short breathing exercise.
2025-09-27 15:47:43,angry,I notice stress. Stretch your arms and take a short break.
2025-09-27 15:47:43,angry,I notice stress. Stretch your arms and take a short break.
2025-09-27 15:47:43,neutral,All systems look stable. Stay focused 👍
2025-09-27 15:47:43,sad,I sense you’re feeling low. Let’s try a short breathing exercise.
2025-09-27 15:47:43,angry,I notice stress. Stretch your arms and take a short break.
2025-09-27 15:47:44,angry,I notice stress. Stretch your arms and take a short break.
2025-09-27 15:47:44,angry,I notice stress. Stretch your arms and take a short break.
2025-09-27 15:47:44,angry,I notice stress. Stretch your arms and take a short break.
2025-09-27 15:47:44,neutral,All systems look stable. Stay focused 👍
2025-09-27 15:47:45,neutral,All systems look stable. Stay focused 👍
2025-09-27 15:47:45,neutral,All systems look stable. Stay focused 👍
2025-09-27 15:47:45,neutral,All systems look stable. Stay focused 👍
2025-09-27 15:47:45,neutral,All systems look stable. Stay focused 👍
2025-09-27 15:47:45,neutral,All systems look stable. Stay focused 👍
2025-09-27 15:47:46,neutral,All systems look stable. Stay focused 👍
2025-09-27 15:47:46,neutral,All systems look stable. Stay focused 👍
2025-09-27 15:47:47,neutral,All systems look stable. Stay focused 👍
2025-09-27 15:47:47,neutral,All systems look stable. Stay focused 👍
2025-09-27 15:47:47,neutral,All systems look stable. Stay focused 👍
2025-09-27 15:47:47,neutral,All systems look stable. Stay focused 👍
2025-09-27 15:47:47,neutral,All systems look stable. Stay focused 👍
2025-09-27 15:47:48,neutral,All systems look stable. Stay focused 👍
2025-09-27 15:47:48,neutral,All systems look stable. Stay focused 👍
2025-09-27 15:47:48,neutral,All systems look stable. Stay focused 👍
2025-09-27 15:47:48,neutral,All systems look stable. Stay focused 👍
2025-09-27 15:47:49,neutral,All systems look stable. Stay focused 👍
2025-09-27 15:47:49,neutral,All systems look stable. Stay focused 👍
2025-09-27 15:47:49,neutral,All systems look stable. Stay focused 👍
2025-09-27 15:47:49,neutral,All systems look stable. Stay focused 👍
2025-09-27 15:47:50,neutral,All systems look stable. Stay focused 👍
2025-09-27 15:47:50,neutral,All systems look stable. Stay focused 👍
2025-09-27 15:47:50,neutral,All systems look stable. Stay focused 👍
2025-09-27 15:47:50,neutral,All systems look stable. Stay focused 👍
2025-09-27 15:47:50,neutral,All systems look stable. Stay focused 👍
2025-09-27 15:47:51,neutral,All systems look stable. Stay focused 👍
2025-09-27 15:47:51,neutral,All systems look stable. Stay focused 👍
2025-09-27 15:47:51,neutral,All systems look stable. Stay focused 👍
2025-09-27 15:47:52,neutral,All systems look stable. Stay focused 👍
2025-09-27 15:47:52,neutral,All systems look stable. Stay focused 👍
2025-09-27 15:47:52,neutral,All systems look stable. Stay focused 👍
2025-09-27 15:47:52,neutral,All systems look stable. Stay focused 👍
2025-09-27 15:47:53,neutral,All systems look stable. Stay focused 👍
2025-09-27 15:47:53,neutral,All systems look stable. Stay focused 👍
2025-09-27 15:47:53,neutral,All systems look stable. Stay focused 👍
2025-09-27 15:47:53,neutral,All systems look stable. Stay focused 👍
2025-09-27 15:47:54,neutral,All systems look stable. Stay focused 👍
2025-09-27 15:47:54,neutral,All systems look stable. Stay focused 👍
2025-09-27 15:47:54,neutral,All systems look stable. Stay focused 👍
2025-09-27 15:47:54,neutral,All systems look stable. Stay focused 👍
2025-09-27 15:47:55,neutral,All systems look stable. Stay focused 👍
2025-09-27 15:47:55,neutral,All systems look stable. Stay focused 👍
2025-09-27 15:47:55,neutral,All systems look stable. Stay focused 👍
2025-09-27 15:47:56,neutral,All systems look stable. Stay focused 👍
2025-09-27 15:47:56,neutral,All systems look stable. Stay focused 👍
2025-09-27 15:47:56,neutral,All systems look stable. Stay focused 👍
2025-09-27 15:47:56,neutral,All systems look stable. Stay focused 👍
2025-09-27 15:47:57,neutral,All systems look stable. Stay focused 👍
2025-09-27 15:47:57,neutral,All systems look stable. Stay focused 👍
2025-09-27 15:47:57,neutral,All systems look stable. Stay focused 👍
2025-09-27 15:47:57,neutral,All systems look stable. Stay focused 👍
2025-09-27 15:47:58,neutral,All systems look stable. Stay focused 👍
2025-09-27 15:47:58,neutral,All systems look stable. Stay focused 👍
2025-09-27 15:47:58,neutral,All systems look stable. Stay focused 👍
2025-09-27 15:47:59,neutral,All systems look stable. Stay focused 👍